dmfdma_mean,dmfdma_std,dmfdma_lower,dmfdma_upper,dmamma_mean,dmamma_std,dmamma_lower,dmamma_upper,mmanh3_mean,mmanh3_std,mmanh3_lower,mmanh3_upper
0.566227903567393,0.6773780052522945,-0.11115010168490147,1.2436059088196876,0.14954702142862547,0.18022743199673488,-0.030680410568109412,0.3297744534253604,0.7783132091468505,1.1717520613645434,-0.3934388522176928,1.9500652705113939
