ensemble,dmfdma_mean,dmfdma_std,dmfdma_lower,dmfdma_upper,dmamma_mean,dmamma_std,dmamma_lower,dmamma_upper,mmanh3_mean,mmanh3_std,mmanh3_lower,mmanh3_upper
0,0.27537102074299985,0.11834355598250496,0.1570274647604949,0.3937145767255048,0.0897161387910571,0.04982752942139243,0.039888609369664665,0.1395436682124495,2.9409485988899196,1.0026015940122077,1.9383470048777118,3.9435501929021273
1,0.26858724415763846,0.11591566329077373,0.15267158086686472,0.3845029074484122,0.10250063946639909,0.04243004304435023,0.06007059642204886,0.1449306825107493,2.9725702637947315,1.004219362639817,1.9683509011549145,3.976789626434549
2,0.26858708128973974,0.11591546370546865,0.15267161758427109,0.3845025449952084,0.10250070806254874,0.04242983867112617,0.06007086939142257,0.14493054673367492,2.9725704885912543,1.0042193277211546,1.9683511608700996,3.976789816312409
3,0.2685860416502575,0.1159139710891886,0.1526720705610689,0.3845000127394461,0.10250146621020599,0.04242835822794018,0.06007310798226581,0.14492982443814617,2.9725730093353517,1.0042188932598368,1.968354116075515,3.9767919025951883
