iteration,num_reals,current_lambda,current_comp_mean_phi,current_comp_std_phi,lambda_scale_fac,lambda,comp_mean_phi,comp_std_phi
1,17,1e-06,0.000123443,6.67132e-05,0.75,1.2e-06,0.000100505,6.68611e-05
1,17,1e-06,0.000123443,6.67132e-05,1,1.2e-06,0.000100504,6.68596e-05
1,17,1e-06,0.000123443,6.67132e-05,1.1,1.2e-06,0.000100504,6.6857e-05
2,17,9e-07,0.000123436,6.67034e-05,0.75,1.08e-06,0.000138802,7.09829e-05
2,17,9e-07,0.000123436,6.67034e-05,1,1.08e-06,0.000138801,7.09803e-05
2,17,9e-07,0.000123436,6.67034e-05,1.1,1.08e-06,0.000138799,7.09792e-05
3,17,8.1e-07,0.000123435,6.67017e-05,0.75,9.72e-07,0.00010531,7.1079e-05
3,17,8.1e-07,0.000123435,6.67017e-05,1,9.72e-07,0.00010531,7.10784e-05
3,17,8.1e-07,0.000123435,6.67017e-05,1.1,9.72e-07,0.00010531,7.10784e-05
