group,mean_change,std_change,num_at_near_lbound,percent_at_near_lbound,num_at_near_ubound,percent_at_near_ubound,initial_cv,current_cv
dmfdma,2.451417699843626341,2.1407923983588021954,19,11.176470588235295267,1,0.58823529411764707842,0.42765010330656344495,0.42901187545268110179
dmamma,14.167306235905485323,14.907146872516637615,0,0,2,1.1764705882352941568,0.55256837911278822162,0.41184837828772752344
mmanh3,1.0706540353527593812,0.071348880399997427482,4,2.3529411764705883137,6,3.5294117647058822484,0.33917102235045287761,0.33581757268417433693
