name,obs_mean,obs_std,obs_min,obs_max,obs_stat_min,obs_stat_max,sim_mean,sim_std,sim_min,sim_max,sim_stat_min,sim_stat_max,distance
dmf_0,0.0054727,2.60861e-18,0.0054727,0.0054727,0.0054727,0.0054727,0.0054727,1.73985e-18,0.0054727,0.0054727,0.0054727,0.0054727,4.88439e-09
dmf_1,0.00478862,4.34769e-18,0.00478862,0.00478862,0.00478862,0.00478862,0.00328192,0.000733016,0.0016484,0.0044807,0.0025489,0.00401493,0.000307917
dmf_6,0,0,0,0,0,0,0.000225551,0.000330602,2.0344e-07,0.00099974,-0.000105051,0.000556152,2.0344e-07
dmf_7,0,0,0,0,0,0,0.000151502,0.000245802,3.3628e-08,0.00074062,-9.42999e-05,0.000397305,3.3628e-08
dmf_8,0,0,0,0,0,0,0.000103958,0.000182299,5.5587e-09,0.00054866,-7.83407e-05,0.000286257,5.5587e-09
dma_1,0.000665484,3.26077e-19,0.000665484,0.000665484,0.000665484,0.000665484,0.00196078,0.000648761,0.00081223,0.0035324,0.00131202,0.00260954,0.000146746
