name,obs_mean,obs_std,obs_min,obs_max,obs_stat_min,obs_stat_max,sim_mean,sim_std,sim_min,sim_max,sim_stat_min,sim_stat_max,distance
dmf_0,0.0054727,2.60861e-18,0.0054727,0.0054727,0.0054727,0.0054727,0.0054727,1.73908e-18,0.0054727,0.0054727,0.0054727,0.0054727,4.88439e-09
dmf_6,0,0,0,0,0,0,0.00186373,0.00215259,4.502e-25,0.0044698,-0.000288855,0.00401632,4.502e-25
