group,mean_change,std_change,num_at_near_lbound,percent_at_near_lbound,num_at_near_ubound,percent_at_near_ubound,initial_cv,current_cv
dmfdma,2.4509766222713116335,2.1393636516901883837,19,11.176470588235295267,1,0.58823529411764707842,0.42765010330656344495,0.42901619918785866004
dmamma,14.166377676349895864,14.903765841846846385,0,0,2,1.1764705882352941568,0.55256837911278822162,0.41186809229135851185
mmanh3,1.070559958615111773,0.071395595504959677435,4,2.3529411764705883137,6,3.5294117647058822484,0.33917102235045287761,0.3358180420298632618
