name,obs_mean,obs_std,obs_min,obs_max,obs_stat_min,obs_stat_max,sim_mean,sim_std,sim_min,sim_max,sim_stat_min,sim_stat_max,distance
dmf_0,0.0054727,2.60861e-18,0.0054727,0.0054727,0.0054727,0.0054727,0.0054727,1.73985e-18,0.0054727,0.0054727,0.0054727,0.0054727,4.88439e-09
dmf_1,0.00478862,4.34769e-18,0.00478862,0.00478862,0.00478862,0.00478862,0.00328192,0.000733034,0.0016484,0.0044807,0.00254888,0.00401495,0.000307917
dmf_6,0,0,0,0,0,0,0.000225555,0.000330612,2.0343e-07,0.00099976,-0.000105057,0.000556167,2.0343e-07
dmf_7,0,0,0,0,0,0,0.000151505,0.00024581,3.3626e-08,0.00074063,-9.43045e-05,0.000397315,3.3626e-08
dmf_8,0,0,0,0,0,0,0.000103961,0.000182306,5.5583e-09,0.00054867,-7.83448e-05,0.000286267,5.5583e-09
dma_1,0.000665484,3.26077e-19,0.000665484,0.000665484,0.000665484,0.000665484,0.00196078,0.000648769,0.00081222,0.0035324,0.00131201,0.00260955,0.000146736
