name,obs_mean,obs_std,obs_min,obs_max,obs_stat_min,obs_stat_max,sim_mean,sim_std,sim_min,sim_max,sim_stat_min,sim_stat_max,distance
dmf_0,0.0054727,2.60861e-18,0.0054727,0.0054727,0.0054727,0.0054727,0.0054727,1.73908e-18,0.0054727,0.0054727,0.0054727,0.0054727,4.88439e-09
dmf_6,0,0,0,0,0,0,0.00189249,0.00218705,4.4659e-25,0.0045382,-0.000294559,0.00407954,4.4659e-25
